sku_id,category,source_region,destination_region,transfer_quantity,transfer_cost,transfer_cost_per_unit,expected_revenue_recovered,expected_gp_recovered,net_transfer_value,source_status_before,source_status_after,destination_status_before,destination_status_after,transfer_reason
SKU-00002,Tools,Interior,Lower Mainland,60.0,150.0,2.5,10902.78,3634.26,3484.26,OBSOLETE_RISK,OBSOLETE_RISK,STOCKOUT_RISK,STOCKOUT_RISK,REGIONAL_IMBALANCE
SKU-00002,Tools,Interior,Vancouver Island,24.0,60.0,2.5,4361.11,1453.7,1393.7,OBSOLETE_RISK,OBSOLETE_RISK,STOCKOUT_RISK,STOCKOUT_RISK,REGIONAL_IMBALANCE
SKU-00002,Tools,Northern BC,Lower Mainland,60.0,150.0,2.5,10902.78,3634.26,3484.26,OBSOLETE_RISK,OBSOLETE_RISK,STOCKOUT_RISK,STOCKOUT_RISK,REGIONAL_IMBALANCE
SKU-00002,Tools,Northern BC,Vancouver Island,36.0,90.0,2.5,6541.67,2180.56,2090.56,OBSOLETE_RISK,OBSOLETE_RISK,STOCKOUT_RISK,STOCKOUT_RISK,REGIONAL_IMBALANCE
SKU-00003,Suspension,Interior,Lower Mainland,50.0,125.0,2.5,18013.27,6004.42,5879.42,SLOW_MOVING,SLOW_MOVING,STOCKOUT,STOCKOUT_RISK,REGIONAL_IMBALANCE
SKU-00003,Suspension,Northern BC,Lower Mainland,22.0,55.0,2.5,7925.84,2641.95,2586.95,SLOW_MOVING,UNDERSTOCKED,STOCKOUT,STOCKOUT_RISK,REGIONAL_IMBALANCE
SKU-00003,Suspension,Vancouver Island,Lower Mainland,50.0,125.0,2.5,18013.27,6004.42,5879.42,SLOW_MOVING,HEALTHY,STOCKOUT,STOCKOUT_RISK,REGIONAL_IMBALANCE
SKU-00005,Suspension,Interior,Vancouver Island,36.0,90.0,2.5,8775.65,2925.22,2835.22,OBSOLETE_RISK,OBSOLETE_RISK,STOCKOUT,STOCKOUT_RISK,REGIONAL_IMBALANCE
SKU-00005,Suspension,Northern BC,Vancouver Island,36.0,90.0,2.5,8775.65,2925.22,2835.22,OBSOLETE_RISK,OBSOLETE_RISK,STOCKOUT,STOCKOUT_RISK,REGIONAL_IMBALANCE
SKU-00006,Fluids,Northern BC,Interior,49.0,122.5,2.5,11379.71,3793.24,3670.74,SLOW_MOVING,UNDERSTOCKED,STOCKOUT_RISK,STOCKOUT_RISK,REGIONAL_IMBALANCE
SKU-00009,Tools,Lower Mainland,Interior,45.0,112.5,2.5,6846.53,2282.18,2169.68,SLOW_MOVING,HEALTHY,STOCKOUT,STOCKOUT_RISK,REGIONAL_IMBALANCE
SKU-00009,Tools,Lower Mainland,Northern BC,32.0,80.0,2.5,4868.64,1622.88,1542.88,SLOW_MOVING,HEALTHY,STOCKOUT_RISK,STOCKOUT_RISK,REGIONAL_IMBALANCE
SKU-00009,Tools,Lower Mainland,Vancouver Island,17.0,42.5,2.5,2586.47,862.16,819.66,SLOW_MOVING,HEALTHY,STOCKOUT_RISK,STOCKOUT_RISK,REGIONAL_IMBALANCE
SKU-00010,Tools,Northern BC,Interior,59.0,147.5,2.5,9651.19,3217.06,3069.56,SLOW_MOVING,UNDERSTOCKED,STOCKOUT_RISK,STOCKOUT_RISK,REGIONAL_IMBALANCE
SKU-00010,Tools,Northern BC,Lower Mainland,21.0,52.5,2.5,3435.17,1145.06,1092.56,SLOW_MOVING,HEALTHY,STOCKOUT_RISK,STOCKOUT_RISK,REGIONAL_IMBALANCE
SKU-00012,Batteries,Interior,Lower Mainland,6.0,15.0,2.5,1759.27,586.42,571.42,OBSOLETE_RISK,UNDERSTOCKED,STOCKOUT_RISK,STOCKOUT_RISK,REGIONAL_IMBALANCE
SKU-00012,Batteries,Northern BC,Lower Mainland,30.0,75.0,2.5,8796.38,2932.12,2857.12,OBSOLETE_RISK,UNDERSTOCKED,STOCKOUT_RISK,STOCKOUT_RISK,REGIONAL_IMBALANCE
SKU-00012,Batteries,Northern BC,Vancouver Island,30.0,75.0,2.5,8796.38,2932.12,2857.12,OBSOLETE_RISK,UNDERSTOCKED,STOCKOUT_RISK,STOCKOUT_RISK,REGIONAL_IMBALANCE
SKU-00017,Engine Components,Lower Mainland,Interior,38.0,95.0,2.5,30539.06,10179.69,10084.69,SLOW_MOVING,HEALTHY,STOCKOUT_RISK,STOCKOUT_RISK,REGIONAL_IMBALANCE
SKU-00017,Engine Components,Northern BC,Interior,38.0,95.0,2.5,30539.06,10179.69,10084.69,SLOW_MOVING,SLOW_MOVING,STOCKOUT_RISK,STOCKOUT_RISK,REGIONAL_IMBALANCE
SKU-00017,Engine Components,Vancouver Island,Interior,38.0,95.0,2.5,30539.06,10179.69,10084.69,SLOW_MOVING,SLOW_MOVING,STOCKOUT_RISK,STOCKOUT_RISK,REGIONAL_IMBALANCE
SKU-00018,Engine Components,Lower Mainland,Interior,48.0,120.0,2.5,1709.06,569.69,449.69,OBSOLETE_RISK,OBSOLETE_RISK,STOCKOUT_RISK,STOCKOUT_RISK,REGIONAL_IMBALANCE
SKU-00018,Engine Components,Northern BC,Interior,72.0,180.0,2.5,2563.6,854.53,674.53,OBSOLETE_RISK,UNDERSTOCKED,STOCKOUT_RISK,STOCKOUT_RISK,REGIONAL_IMBALANCE
SKU-00018,Engine Components,Vancouver Island,Interior,96.0,240.0,2.5,3418.13,1139.38,899.38,OBSOLETE_RISK,UNDERSTOCKED,STOCKOUT_RISK,STOCKOUT_RISK,REGIONAL_IMBALANCE
SKU-00021,Fluids,Vancouver Island,Interior,60.0,150.0,2.5,10231.83,3410.61,3260.61,SLOW_MOVING,UNDERSTOCKED,STOCKOUT_RISK,STOCKOUT_RISK,REGIONAL_IMBALANCE
SKU-00021,Fluids,Vancouver Island,Lower Mainland,6.0,15.0,2.5,1023.18,341.06,326.06,SLOW_MOVING,HEALTHY,STOCKOUT_RISK,STOCKOUT_RISK,REGIONAL_IMBALANCE
SKU-00025,Fluids,Northern BC,Interior,72.0,180.0,2.5,11161.58,3720.53,3540.53,OBSOLETE_RISK,OBSOLETE_RISK,STOCKOUT_RISK,STOCKOUT_RISK,REGIONAL_IMBALANCE
SKU-00025,Fluids,Vancouver Island,Interior,72.0,180.0,2.5,11161.58,3720.53,3540.53,OBSOLETE_RISK,OBSOLETE_RISK,STOCKOUT_RISK,STOCKOUT_RISK,REGIONAL_IMBALANCE
SKU-00025,Fluids,Vancouver Island,Lower Mainland,24.0,60.0,2.5,3720.53,1240.18,1180.18,OBSOLETE_RISK,OBSOLETE_RISK,STOCKOUT_RISK,STOCKOUT_RISK,REGIONAL_IMBALANCE
SKU-00028,Batteries,Interior,Lower Mainland,24.0,60.0,2.5,11332.19,3777.4,3717.4,OBSOLETE_RISK,OBSOLETE_RISK,STOCKOUT_RISK,STOCKOUT_RISK,REGIONAL_IMBALANCE
SKU-00028,Batteries,Interior,Vancouver Island,24.0,60.0,2.5,11332.19,3777.4,3717.4,OBSOLETE_RISK,OBSOLETE_RISK,STOCKOUT_RISK,STOCKOUT_RISK,REGIONAL_IMBALANCE
SKU-00028,Batteries,Northern BC,Lower Mainland,24.0,60.0,2.5,11332.19,3777.4,3717.4,OBSOLETE_RISK,OBSOLETE_RISK,STOCKOUT_RISK,STOCKOUT_RISK,REGIONAL_IMBALANCE
SKU-00028,Batteries,Northern BC,Vancouver Island,24.0,60.0,2.5,11332.19,3777.4,3717.4,OBSOLETE_RISK,OBSOLETE_RISK,STOCKOUT_RISK,STOCKOUT_RISK,REGIONAL_IMBALANCE
SKU-00034,Engine Components,Northern BC,Interior,36.0,90.0,2.5,2004.53,668.18,578.18,SLOW_MOVING,SLOW_MOVING,STOCKOUT_RISK,STOCKOUT_RISK,REGIONAL_IMBALANCE
SKU-00034,Engine Components,Northern BC,Lower Mainland,84.0,210.0,2.5,4677.25,1559.08,1349.08,SLOW_MOVING,HEALTHY,STOCKOUT_RISK,STOCKOUT_RISK,REGIONAL_IMBALANCE
SKU-00034,Engine Components,Vancouver Island,Interior,36.0,90.0,2.5,2004.53,668.18,578.18,SLOW_MOVING,SLOW_MOVING,STOCKOUT_RISK,STOCKOUT_RISK,REGIONAL_IMBALANCE
SKU-00034,Engine Components,Vancouver Island,Lower Mainland,138.0,345.0,2.5,7684.05,2561.35,2216.35,SLOW_MOVING,HEALTHY,STOCKOUT_RISK,STOCKOUT_RISK,REGIONAL_IMBALANCE
SKU-00035,Batteries,Northern BC,Interior,40.0,100.0,2.5,19877.76,6625.92,6525.92,SLOW_MOVING,SLOW_MOVING,STOCKOUT_RISK,STOCKOUT_RISK,REGIONAL_IMBALANCE
SKU-00035,Batteries,Northern BC,Lower Mainland,52.0,130.0,2.5,25841.09,8613.7,8483.7,SLOW_MOVING,SLOW_MOVING,STOCKOUT_RISK,STOCKOUT_RISK,REGIONAL_IMBALANCE
SKU-00035,Batteries,Northern BC,Vancouver Island,30.0,75.0,2.5,14908.32,4969.44,4894.44,SLOW_MOVING,SLOW_MOVING,STOCKOUT_RISK,STOCKOUT_RISK,REGIONAL_IMBALANCE
SKU-00039,Suspension,Northern BC,Interior,26.0,65.0,2.5,10172.8,3390.93,3325.93,OBSOLETE_RISK,OBSOLETE_RISK,STOCKOUT_RISK,STOCKOUT_RISK,REGIONAL_IMBALANCE
SKU-00039,Suspension,Northern BC,Lower Mainland,32.0,80.0,2.5,12520.37,4173.46,4093.46,OBSOLETE_RISK,OBSOLETE_RISK,STOCKOUT_RISK,STOCKOUT_RISK,REGIONAL_IMBALANCE
SKU-00040,Engine Components,Northern BC,Interior,12.0,30.0,2.5,7184.77,2394.92,2364.92,OBSOLETE_RISK,OBSOLETE_RISK,STOCKOUT_RISK,STOCKOUT_RISK,REGIONAL_IMBALANCE
SKU-00040,Engine Components,Northern BC,Lower Mainland,12.0,30.0,2.5,7184.77,2394.92,2364.92,OBSOLETE_RISK,OBSOLETE_RISK,STOCKOUT_RISK,STOCKOUT_RISK,REGIONAL_IMBALANCE
SKU-00040,Engine Components,Vancouver Island,Interior,12.0,30.0,2.5,7184.77,2394.92,2364.92,OBSOLETE_RISK,OBSOLETE_RISK,STOCKOUT_RISK,STOCKOUT_RISK,REGIONAL_IMBALANCE
SKU-00040,Engine Components,Vancouver Island,Lower Mainland,12.0,30.0,2.5,7184.77,2394.92,2364.92,OBSOLETE_RISK,OBSOLETE_RISK,STOCKOUT_RISK,STOCKOUT_RISK,REGIONAL_IMBALANCE
SKU-00045,Suspension,Northern BC,Interior,48.0,120.0,2.5,16063.49,5354.5,5234.5,OBSOLETE_RISK,OBSOLETE_RISK,STOCKOUT_RISK,STOCKOUT_RISK,REGIONAL_IMBALANCE
SKU-00047,Fluids,Lower Mainland,Vancouver Island,72.0,180.0,2.5,37258.7,12419.57,12239.57,OBSOLETE_RISK,UNDERSTOCKED,STOCKOUT_RISK,STOCKOUT_RISK,REGIONAL_IMBALANCE
SKU-00047,Fluids,Northern BC,Vancouver Island,72.0,180.0,2.5,37258.7,12419.57,12239.57,OBSOLETE_RISK,OBSOLETE_RISK,STOCKOUT_RISK,STOCKOUT_RISK,REGIONAL_IMBALANCE
SKU-00050,Suspension,Northern BC,Lower Mainland,12.0,30.0,2.5,1233.04,411.01,381.01,SLOW_MOVING,SLOW_MOVING,STOCKOUT_RISK,STOCKOUT_RISK,REGIONAL_IMBALANCE
SKU-00059,Engine Components,Northern BC,Interior,36.0,90.0,2.5,27845.75,9281.92,9191.92,OBSOLETE_RISK,UNDERSTOCKED,STOCKOUT_RISK,STOCKOUT_RISK,REGIONAL_IMBALANCE
SKU-00059,Engine Components,Vancouver Island,Interior,48.0,120.0,2.5,37127.66,12375.89,12255.89,OBSOLETE_RISK,OBSOLETE_RISK,STOCKOUT_RISK,STOCKOUT_RISK,REGIONAL_IMBALANCE
SKU-00059,Engine Components,Vancouver Island,Lower Mainland,84.0,210.0,2.5,64973.41,21657.8,21447.8,OBSOLETE_RISK,OBSOLETE_RISK,STOCKOUT_RISK,STOCKOUT_RISK,REGIONAL_IMBALANCE
SKU-00062,Fluids,Northern BC,Lower Mainland,60.0,150.0,2.5,18856.53,6285.51,6135.51,SLOW_MOVING,HEALTHY,STOCKOUT,STOCKOUT_RISK,REGIONAL_IMBALANCE
SKU-00063,Batteries,Northern BC,Interior,20.0,50.0,2.5,5998.23,1999.41,1949.41,OBSOLETE_RISK,OBSOLETE_RISK,STOCKOUT_RISK,STOCKOUT_RISK,REGIONAL_IMBALANCE
SKU-00063,Batteries,Northern BC,Lower Mainland,8.0,20.0,2.5,2399.29,799.76,779.76,OBSOLETE_RISK,OBSOLETE_RISK,STOCKOUT_RISK,STOCKOUT_RISK,REGIONAL_IMBALANCE
SKU-00063,Batteries,Vancouver Island,Interior,20.0,50.0,2.5,5998.23,1999.41,1949.41,OBSOLETE_RISK,OBSOLETE_RISK,STOCKOUT_RISK,STOCKOUT_RISK,REGIONAL_IMBALANCE
SKU-00063,Batteries,Vancouver Island,Lower Mainland,55.0,137.5,2.5,16495.13,5498.38,5360.88,OBSOLETE_RISK,OBSOLETE_RISK,STOCKOUT_RISK,STOCKOUT_RISK,REGIONAL_IMBALANCE
SKU-00064,Suspension,Interior,Lower Mainland,24.0,60.0,2.5,12120.44,4040.15,3980.15,OBSOLETE_RISK,OBSOLETE_RISK,STOCKOUT_RISK,STOCKOUT_RISK,REGIONAL_IMBALANCE
SKU-00064,Suspension,Northern BC,Lower Mainland,24.0,60.0,2.5,12120.44,4040.15,3980.15,OBSOLETE_RISK,OBSOLETE_RISK,STOCKOUT_RISK,STOCKOUT_RISK,REGIONAL_IMBALANCE
SKU-00064,Suspension,Vancouver Island,Lower Mainland,24.0,60.0,2.5,12120.44,4040.15,3980.15,OBSOLETE_RISK,OBSOLETE_RISK,STOCKOUT_RISK,STOCKOUT_RISK,REGIONAL_IMBALANCE
SKU-00066,Brakes,Interior,Vancouver Island,10.0,25.0,2.5,3791.13,1263.71,1238.71,OBSOLETE_RISK,OBSOLETE_RISK,STOCKOUT_RISK,STOCKOUT_RISK,REGIONAL_IMBALANCE
SKU-00066,Brakes,Lower Mainland,Vancouver Island,10.0,25.0,2.5,3791.13,1263.71,1238.71,OBSOLETE_RISK,OBSOLETE_RISK,STOCKOUT_RISK,STOCKOUT_RISK,REGIONAL_IMBALANCE
SKU-00066,Brakes,Northern BC,Vancouver Island,10.0,25.0,2.5,3791.13,1263.71,1238.71,OBSOLETE_RISK,OBSOLETE_RISK,STOCKOUT_RISK,STOCKOUT_RISK,REGIONAL_IMBALANCE
SKU-00067,Brakes,Northern BC,Interior,7.0,17.5,2.5,1470.59,490.2,472.7,SLOW_MOVING,SLOW_MOVING,STOCKOUT,STOCKOUT_RISK,REGIONAL_IMBALANCE
SKU-00067,Brakes,Vancouver Island,Interior,7.0,17.5,2.5,1470.59,490.2,472.7,SLOW_MOVING,HEALTHY,STOCKOUT,STOCKOUT_RISK,REGIONAL_IMBALANCE
SKU-00071,Fluids,Vancouver Island,Interior,120.0,300.0,2.5,56521.08,18840.36,18540.36,OBSOLETE_RISK,OBSOLETE_RISK,STOCKOUT_RISK,STOCKOUT_RISK,REGIONAL_IMBALANCE
SKU-00071,Fluids,Vancouver Island,Lower Mainland,24.0,60.0,2.5,11304.22,3768.07,3708.07,OBSOLETE_RISK,OBSOLETE_RISK,STOCKOUT_RISK,STOCKOUT_RISK,REGIONAL_IMBALANCE
SKU-00073,Electrical,Interior,Lower Mainland,28.0,70.0,2.5,14004.98,4668.33,4598.33,OBSOLETE_RISK,OBSOLETE_RISK,STOCKOUT_RISK,STOCKOUT_RISK,REGIONAL_IMBALANCE
SKU-00073,Electrical,Northern BC,Lower Mainland,28.0,70.0,2.5,14004.98,4668.33,4598.33,OBSOLETE_RISK,OBSOLETE_RISK,STOCKOUT_RISK,STOCKOUT_RISK,REGIONAL_IMBALANCE
SKU-00073,Electrical,Vancouver Island,Lower Mainland,28.0,70.0,2.5,14004.98,4668.33,4598.33,OBSOLETE_RISK,OBSOLETE_RISK,STOCKOUT_RISK,STOCKOUT_RISK,REGIONAL_IMBALANCE
SKU-00079,Filters,Interior,Lower Mainland,51.0,127.5,2.5,791.47,263.82,136.32,OBSOLETE_RISK,OBSOLETE_RISK,STOCKOUT_RISK,STOCKOUT_RISK,REGIONAL_IMBALANCE
SKU-00079,Filters,Northern BC,Lower Mainland,51.0,127.5,2.5,791.47,263.82,136.32,OBSOLETE_RISK,UNDERSTOCKED,STOCKOUT_RISK,STOCKOUT_RISK,REGIONAL_IMBALANCE
SKU-00079,Filters,Vancouver Island,Lower Mainland,43.0,107.5,2.5,667.32,222.44,114.94,OBSOLETE_RISK,OBSOLETE_RISK,STOCKOUT_RISK,STOCKOUT_RISK,REGIONAL_IMBALANCE
SKU-00082,Engine Components,Interior,Lower Mainland,12.0,30.0,2.5,4975.36,1658.45,1628.45,OBSOLETE_RISK,OBSOLETE_RISK,STOCKOUT_RISK,STOCKOUT_RISK,REGIONAL_IMBALANCE
SKU-00082,Engine Components,Interior,Vancouver Island,11.0,27.5,2.5,4560.75,1520.25,1492.75,OBSOLETE_RISK,OBSOLETE_RISK,STOCKOUT_RISK,STOCKOUT_RISK,REGIONAL_IMBALANCE
SKU-00082,Engine Components,Northern BC,Lower Mainland,12.0,30.0,2.5,4975.36,1658.45,1628.45,OBSOLETE_RISK,OBSOLETE_RISK,STOCKOUT_RISK,STOCKOUT_RISK,REGIONAL_IMBALANCE
SKU-00082,Engine Components,Northern BC,Vancouver Island,11.0,27.5,2.5,4560.75,1520.25,1492.75,OBSOLETE_RISK,OBSOLETE_RISK,STOCKOUT_RISK,STOCKOUT_RISK,REGIONAL_IMBALANCE
SKU-00089,Suspension,Northern BC,Lower Mainland,96.0,240.0,2.5,38000.59,12666.86,12426.86,SLOW_MOVING,UNDERSTOCKED,STOCKOUT_RISK,STOCKOUT_RISK,REGIONAL_IMBALANCE
SKU-00098,Suspension,Lower Mainland,Interior,48.0,120.0,2.5,18292.18,6097.39,5977.39,SLOW_MOVING,HEALTHY,STOCKOUT_RISK,STOCKOUT_RISK,REGIONAL_IMBALANCE
SKU-00098,Suspension,Lower Mainland,Vancouver Island,96.0,240.0,2.5,36584.35,12194.78,11954.78,SLOW_MOVING,HEALTHY,STOCKOUT_RISK,STOCKOUT_RISK,REGIONAL_IMBALANCE
SKU-00098,Suspension,Northern BC,Interior,48.0,120.0,2.5,18292.18,6097.39,5977.39,SLOW_MOVING,SLOW_MOVING,STOCKOUT_RISK,STOCKOUT_RISK,REGIONAL_IMBALANCE
SKU-00098,Suspension,Northern BC,Vancouver Island,96.0,240.0,2.5,36584.35,12194.78,11954.78,SLOW_MOVING,HEALTHY,STOCKOUT_RISK,STOCKOUT_RISK,REGIONAL_IMBALANCE
SKU-00100,Suspension,Interior,Lower Mainland,48.0,120.0,2.5,8502.48,2834.16,2714.16,SLOW_MOVING,HEALTHY,STOCKOUT_RISK,STOCKOUT_RISK,REGIONAL_IMBALANCE
SKU-00100,Suspension,Northern BC,Lower Mainland,48.0,120.0,2.5,8502.48,2834.16,2714.16,SLOW_MOVING,HEALTHY,STOCKOUT_RISK,STOCKOUT_RISK,REGIONAL_IMBALANCE
SKU-00100,Suspension,Vancouver Island,Lower Mainland,48.0,120.0,2.5,8502.48,2834.16,2714.16,SLOW_MOVING,HEALTHY,STOCKOUT_RISK,STOCKOUT_RISK,REGIONAL_IMBALANCE
SKU-00105,Fluids,Northern BC,Interior,30.0,75.0,2.5,14750.19,4916.73,4841.73,OBSOLETE_RISK,OBSOLETE_RISK,STOCKOUT_RISK,STOCKOUT_RISK,REGIONAL_IMBALANCE
SKU-00105,Fluids,Northern BC,Lower Mainland,54.0,135.0,2.5,26550.34,8850.11,8715.11,OBSOLETE_RISK,OBSOLETE_RISK,STOCKOUT_RISK,STOCKOUT_RISK,REGIONAL_IMBALANCE
SKU-00105,Fluids,Northern BC,Vancouver Island,36.0,90.0,2.5,17700.23,5900.08,5810.08,OBSOLETE_RISK,OBSOLETE_RISK,STOCKOUT_RISK,STOCKOUT_RISK,REGIONAL_IMBALANCE
SKU-00106,Brakes,Interior,Lower Mainland,100.0,250.0,2.5,10366.65,3455.55,3205.55,OBSOLETE_RISK,OBSOLETE_RISK,STOCKOUT_RISK,STOCKOUT_RISK,REGIONAL_IMBALANCE
SKU-00106,Brakes,Vancouver Island,Lower Mainland,68.0,170.0,2.5,7049.32,2349.77,2179.77,OBSOLETE_RISK,OBSOLETE_RISK,STOCKOUT_RISK,STOCKOUT_RISK,REGIONAL_IMBALANCE
SKU-00108,Batteries,Northern BC,Interior,72.0,180.0,2.5,23288.58,7762.86,7582.86,SLOW_MOVING,UNDERSTOCKED,STOCKOUT_RISK,STOCKOUT_RISK,REGIONAL_IMBALANCE
SKU-00108,Batteries,Vancouver Island,Interior,72.0,180.0,2.5,23288.58,7762.86,7582.86,SLOW_MOVING,HEALTHY,STOCKOUT_RISK,STOCKOUT_RISK,REGIONAL_IMBALANCE
SKU-00108,Batteries,Vancouver Island,Lower Mainland,96.0,240.0,2.5,31051.44,10350.48,10110.48,SLOW_MOVING,HEALTHY,STOCKOUT_RISK,STOCKOUT_RISK,REGIONAL_IMBALANCE
SKU-00110,Electrical,Lower Mainland,Interior,37.0,92.5,2.5,8614.21,2871.4,2778.9,SLOW_MOVING,UNDERSTOCKED,STOCKOUT,STOCKOUT_RISK,REGIONAL_IMBALANCE
SKU-00110,Electrical,Lower Mainland,Vancouver Island,2.0,5.0,2.5,465.63,155.21,150.21,SLOW_MOVING,HEALTHY,STOCKOUT_RISK,STOCKOUT_RISK,REGIONAL_IMBALANCE
SKU-00110,Electrical,Northern BC,Interior,37.0,92.5,2.5,8614.21,2871.4,2778.9,SLOW_MOVING,SLOW_MOVING,STOCKOUT,STOCKOUT_RISK,REGIONAL_IMBALANCE
SKU-00110,Electrical,Northern BC,Vancouver Island,2.0,5.0,2.5,465.63,155.21,150.21,SLOW_MOVING,SLOW_MOVING,STOCKOUT_RISK,STOCKOUT_RISK,REGIONAL_IMBALANCE
SKU-00114,Suspension,Interior,Lower Mainland,48.0,120.0,2.5,3523.97,1174.66,1054.66,SLOW_MOVING,SLOW_MOVING,STOCKOUT_RISK,STOCKOUT_RISK,REGIONAL_IMBALANCE
SKU-00114,Suspension,Interior,Vancouver Island,24.0,60.0,2.5,1761.98,587.33,527.33,SLOW_MOVING,SLOW_MOVING,STOCKOUT_RISK,STOCKOUT_RISK,REGIONAL_IMBALANCE
SKU-00114,Suspension,Northern BC,Lower Mainland,48.0,120.0,2.5,3523.97,1174.66,1054.66,SLOW_MOVING,SLOW_MOVING,STOCKOUT_RISK,STOCKOUT_RISK,REGIONAL_IMBALANCE
SKU-00114,Suspension,Northern BC,Vancouver Island,24.0,60.0,2.5,1761.98,587.33,527.33,SLOW_MOVING,SLOW_MOVING,STOCKOUT_RISK,STOCKOUT_RISK,REGIONAL_IMBALANCE
SKU-00115,Electrical,Interior,Lower Mainland,14.0,35.0,2.5,5607.61,1869.2,1834.2,OBSOLETE_RISK,OBSOLETE_RISK,STOCKOUT_RISK,STOCKOUT_RISK,REGIONAL_IMBALANCE
SKU-00115,Electrical,Northern BC,Lower Mainland,14.0,35.0,2.5,5607.61,1869.2,1834.2,OBSOLETE_RISK,OBSOLETE_RISK,STOCKOUT_RISK,STOCKOUT_RISK,REGIONAL_IMBALANCE
SKU-00115,Electrical,Vancouver Island,Lower Mainland,14.0,35.0,2.5,5607.61,1869.2,1834.2,OBSOLETE_RISK,OBSOLETE_RISK,STOCKOUT_RISK,STOCKOUT_RISK,REGIONAL_IMBALANCE
SKU-00118,Fluids,Interior,Lower Mainland,60.0,150.0,2.5,24996.51,8332.17,8182.17,OBSOLETE_RISK,OBSOLETE_RISK,STOCKOUT_RISK,STOCKOUT_RISK,REGIONAL_IMBALANCE
SKU-00118,Fluids,Northern BC,Lower Mainland,48.0,120.0,2.5,19997.21,6665.74,6545.74,OBSOLETE_RISK,OBSOLETE_RISK,STOCKOUT_RISK,STOCKOUT_RISK,REGIONAL_IMBALANCE
SKU-00118,Fluids,Vancouver Island,Lower Mainland,48.0,120.0,2.5,19997.21,6665.74,6545.74,OBSOLETE_RISK,OBSOLETE_RISK,STOCKOUT_RISK,STOCKOUT_RISK,REGIONAL_IMBALANCE
SKU-00119,Tools,Interior,Vancouver Island,18.0,45.0,2.5,5642.03,1880.68,1835.68,OBSOLETE_RISK,OBSOLETE_RISK,STOCKOUT_RISK,STOCKOUT_RISK,REGIONAL_IMBALANCE
SKU-00119,Tools,Lower Mainland,Vancouver Island,18.0,45.0,2.5,5642.03,1880.68,1835.68,OBSOLETE_RISK,UNDERSTOCKED,STOCKOUT_RISK,STOCKOUT_RISK,REGIONAL_IMBALANCE
SKU-00119,Tools,Northern BC,Vancouver Island,18.0,45.0,2.5,5642.03,1880.68,1835.68,OBSOLETE_RISK,OBSOLETE_RISK,STOCKOUT_RISK,STOCKOUT_RISK,REGIONAL_IMBALANCE
SKU-00121,Suspension,Northern BC,Interior,79.0,197.5,2.5,40018.4,13339.47,13141.97,OBSOLETE_RISK,UNDERSTOCKED,STOCKOUT,STOCKOUT_RISK,REGIONAL_IMBALANCE
SKU-00127,Suspension,Interior,Lower Mainland,12.0,30.0,2.5,3199.39,1066.46,1036.46,OBSOLETE_RISK,OBSOLETE_RISK,STOCKOUT_RISK,STOCKOUT_RISK,REGIONAL_IMBALANCE
SKU-00127,Suspension,Northern BC,Lower Mainland,12.0,30.0,2.5,3199.39,1066.46,1036.46,OBSOLETE_RISK,OBSOLETE_RISK,STOCKOUT_RISK,STOCKOUT_RISK,REGIONAL_IMBALANCE
SKU-00127,Suspension,Vancouver Island,Lower Mainland,12.0,30.0,2.5,3199.39,1066.46,1036.46,OBSOLETE_RISK,OBSOLETE_RISK,STOCKOUT_RISK,STOCKOUT_RISK,REGIONAL_IMBALANCE
SKU-00142,Filters,Northern BC,Interior,48.0,120.0,2.5,5936.62,1978.87,1858.87,OBSOLETE_RISK,OBSOLETE_RISK,STOCKOUT_RISK,STOCKOUT_RISK,REGIONAL_IMBALANCE
SKU-00145,Electrical,Northern BC,Interior,30.0,75.0,2.5,9675.22,3225.07,3150.07,OBSOLETE_RISK,OBSOLETE_RISK,STOCKOUT_RISK,STOCKOUT_RISK,REGIONAL_IMBALANCE
SKU-00145,Electrical,Northern BC,Lower Mainland,61.0,152.5,2.5,19672.96,6557.65,6405.15,OBSOLETE_RISK,OBSOLETE_RISK,STOCKOUT_RISK,STOCKOUT_RISK,REGIONAL_IMBALANCE
SKU-00154,Electrical,Interior,Lower Mainland,46.0,115.0,2.5,11060.22,3686.74,3571.74,OBSOLETE_RISK,OBSOLETE_RISK,STOCKOUT,STOCKOUT_RISK,REGIONAL_IMBALANCE
SKU-00154,Electrical,Interior,Vancouver Island,29.0,72.5,2.5,6972.75,2324.25,2251.75,OBSOLETE_RISK,OBSOLETE_RISK,UNDERSTOCKED,OBSOLETE_RISK,REGIONAL_IMBALANCE
SKU-00154,Electrical,Northern BC,Lower Mainland,46.0,115.0,2.5,11060.22,3686.74,3571.74,OBSOLETE_RISK,UNDERSTOCKED,STOCKOUT,STOCKOUT_RISK,REGIONAL_IMBALANCE
SKU-00154,Electrical,Northern BC,Vancouver Island,17.0,42.5,2.5,4087.47,1362.49,1319.99,OBSOLETE_RISK,OBSOLETE_RISK,UNDERSTOCKED,OBSOLETE_RISK,REGIONAL_IMBALANCE
SKU-00157,Suspension,Northern BC,Interior,47.0,117.5,2.5,21074.92,7024.97,6907.47,OBSOLETE_RISK,OBSOLETE_RISK,STOCKOUT,STOCKOUT_RISK,REGIONAL_IMBALANCE
SKU-00162,Fluids,Northern BC,Interior,68.0,170.0,2.5,10108.81,3369.6,3199.6,OBSOLETE_RISK,OBSOLETE_RISK,STOCKOUT_RISK,STOCKOUT_RISK,REGIONAL_IMBALANCE
SKU-00162,Fluids,Northern BC,Lower Mainland,113.0,282.5,2.5,16798.47,5599.49,5316.99,OBSOLETE_RISK,OBSOLETE_RISK,STOCKOUT_RISK,STOCKOUT_RISK,REGIONAL_IMBALANCE
SKU-00166,Brakes,Vancouver Island,Interior,91.0,227.5,2.5,41745.79,13915.26,13687.76,OBSOLETE_RISK,OBSOLETE_RISK,STOCKOUT_RISK,STOCKOUT_RISK,REGIONAL_IMBALANCE
SKU-00166,Brakes,Vancouver Island,Lower Mainland,62.0,155.0,2.5,28442.19,9480.73,9325.73,OBSOLETE_RISK,OBSOLETE_RISK,STOCKOUT_RISK,STOCKOUT_RISK,REGIONAL_IMBALANCE
SKU-00166,Brakes,Vancouver Island,Northern BC,21.0,52.5,2.5,9633.64,3211.21,3158.71,OBSOLETE_RISK,OBSOLETE_RISK,STOCKOUT_RISK,STOCKOUT_RISK,REGIONAL_IMBALANCE
SKU-00176,Batteries,Interior,Lower Mainland,60.0,150.0,2.5,1055.88,351.96,201.96,OBSOLETE_RISK,UNDERSTOCKED,STOCKOUT_RISK,STOCKOUT_RISK,REGIONAL_IMBALANCE
SKU-00176,Batteries,Northern BC,Lower Mainland,77.0,192.5,2.5,1355.05,451.68,259.18,OBSOLETE_RISK,OBSOLETE_RISK,STOCKOUT_RISK,STOCKOUT_RISK,REGIONAL_IMBALANCE
SKU-00180,Fluids,Northern BC,Interior,24.0,60.0,2.5,11259.61,3753.2,3693.2,OBSOLETE_RISK,OBSOLETE_RISK,STOCKOUT_RISK,STOCKOUT_RISK,REGIONAL_IMBALANCE
SKU-00180,Fluids,Northern BC,Lower Mainland,96.0,240.0,2.5,45038.45,15012.82,14772.82,OBSOLETE_RISK,OBSOLETE_RISK,STOCKOUT,STOCKOUT_RISK,REGIONAL_IMBALANCE
SKU-00180,Fluids,Vancouver Island,Interior,24.0,60.0,2.5,11259.61,3753.2,3693.2,OBSOLETE_RISK,OBSOLETE_RISK,STOCKOUT_RISK,STOCKOUT_RISK,REGIONAL_IMBALANCE
SKU-00180,Fluids,Vancouver Island,Lower Mainland,72.0,180.0,2.5,33778.84,11259.61,11079.61,OBSOLETE_RISK,OBSOLETE_RISK,STOCKOUT,STOCKOUT_RISK,REGIONAL_IMBALANCE
SKU-00183,Brakes,Northern BC,Interior,96.0,240.0,2.5,24522.62,8174.21,7934.21,OBSOLETE_RISK,OBSOLETE_RISK,STOCKOUT_RISK,STOCKOUT_RISK,REGIONAL_IMBALANCE
SKU-00196,Batteries,Northern BC,Interior,53.0,132.5,2.5,24449.83,8149.94,8017.44,OBSOLETE_RISK,OBSOLETE_RISK,STOCKOUT_RISK,STOCKOUT_RISK,REGIONAL_IMBALANCE
SKU-00196,Batteries,Northern BC,Lower Mainland,81.0,202.5,2.5,37366.72,12455.57,12253.07,OBSOLETE_RISK,OBSOLETE_RISK,STOCKOUT_RISK,STOCKOUT_RISK,REGIONAL_IMBALANCE
SKU-00196,Batteries,Vancouver Island,Interior,20.0,50.0,2.5,9226.35,3075.45,3025.45,OBSOLETE_RISK,OBSOLETE_RISK,STOCKOUT_RISK,STOCKOUT_RISK,REGIONAL_IMBALANCE
SKU-00202,Suspension,Interior,Lower Mainland,26.0,65.0,2.5,7335.78,2445.26,2380.26,OBSOLETE_RISK,OBSOLETE_RISK,STOCKOUT_RISK,STOCKOUT_RISK,REGIONAL_IMBALANCE
SKU-00202,Suspension,Interior,Northern BC,66.0,165.0,2.5,18621.6,6207.2,6042.2,OBSOLETE_RISK,OBSOLETE_RISK,STOCKOUT_RISK,STOCKOUT_RISK,REGIONAL_IMBALANCE
SKU-00205,Brakes,Northern BC,Interior,35.0,87.5,2.5,10649.05,3549.68,3462.18,OBSOLETE_RISK,OBSOLETE_RISK,STOCKOUT_RISK,STOCKOUT_RISK,REGIONAL_IMBALANCE
SKU-00205,Brakes,Vancouver Island,Interior,40.0,100.0,2.5,12170.34,4056.78,3956.78,OBSOLETE_RISK,OBSOLETE_RISK,STOCKOUT_RISK,STOCKOUT_RISK,REGIONAL_IMBALANCE
SKU-00209,Suspension,Vancouver Island,Lower Mainland,58.0,145.0,2.5,25825.86,8608.62,8463.62,OBSOLETE_RISK,OBSOLETE_RISK,STOCKOUT_RISK,STOCKOUT_RISK,REGIONAL_IMBALANCE
SKU-00211,Electrical,Interior,Northern BC,33.0,82.5,2.5,5109.84,1703.28,1620.78,OBSOLETE_RISK,OBSOLETE_RISK,STOCKOUT_RISK,STOCKOUT_RISK,REGIONAL_IMBALANCE
SKU-00211,Electrical,Lower Mainland,Northern BC,33.0,82.5,2.5,5109.84,1703.28,1620.78,OBSOLETE_RISK,OBSOLETE_RISK,STOCKOUT_RISK,STOCKOUT_RISK,REGIONAL_IMBALANCE
SKU-00211,Electrical,Vancouver Island,Northern BC,33.0,82.5,2.5,5109.84,1703.28,1620.78,OBSOLETE_RISK,OBSOLETE_RISK,STOCKOUT_RISK,STOCKOUT_RISK,REGIONAL_IMBALANCE
SKU-00212,Filters,Northern BC,Lower Mainland,47.0,117.5,2.5,20434.35,6811.45,6693.95,SLOW_MOVING,UNDERSTOCKED,STOCKOUT_RISK,STOCKOUT_RISK,REGIONAL_IMBALANCE
SKU-00212,Filters,Northern BC,Vancouver Island,14.0,35.0,2.5,6086.83,2028.94,1993.94,SLOW_MOVING,HEALTHY,STOCKOUT,STOCKOUT_RISK,REGIONAL_IMBALANCE
SKU-00213,Batteries,Vancouver Island,Interior,72.0,180.0,2.5,9080.32,3026.77,2846.77,SLOW_MOVING,HEALTHY,STOCKOUT_RISK,STOCKOUT_RISK,REGIONAL_IMBALANCE
SKU-00213,Batteries,Vancouver Island,Lower Mainland,72.0,180.0,2.5,9080.32,3026.77,2846.77,SLOW_MOVING,HEALTHY,STOCKOUT,STOCKOUT_RISK,REGIONAL_IMBALANCE
SKU-00219,Suspension,Interior,Vancouver Island,4.0,10.0,2.5,1256.56,418.85,408.85,OBSOLETE_RISK,OBSOLETE_RISK,STOCKOUT_RISK,STOCKOUT_RISK,REGIONAL_IMBALANCE
SKU-00219,Suspension,Lower Mainland,Vancouver Island,4.0,10.0,2.5,1256.56,418.85,408.85,OBSOLETE_RISK,OBSOLETE_RISK,STOCKOUT_RISK,STOCKOUT_RISK,REGIONAL_IMBALANCE
SKU-00219,Suspension,Northern BC,Vancouver Island,4.0,10.0,2.5,1256.56,418.85,408.85,OBSOLETE_RISK,OBSOLETE_RISK,STOCKOUT_RISK,STOCKOUT_RISK,REGIONAL_IMBALANCE
SKU-00220,Engine Components,Interior,Lower Mainland,43.0,107.5,2.5,10890.63,3630.21,3522.71,SLOW_MOVING,HEALTHY,STOCKOUT_RISK,STOCKOUT_RISK,REGIONAL_IMBALANCE
SKU-00220,Engine Components,Northern BC,Lower Mainland,43.0,107.5,2.5,10890.63,3630.21,3522.71,SLOW_MOVING,SLOW_MOVING,STOCKOUT_RISK,STOCKOUT_RISK,REGIONAL_IMBALANCE
SKU-00220,Engine Components,Vancouver Island,Lower Mainland,43.0,107.5,2.5,10890.63,3630.21,3522.71,SLOW_MOVING,SLOW_MOVING,STOCKOUT_RISK,STOCKOUT_RISK,REGIONAL_IMBALANCE
SKU-00224,Filters,Interior,Lower Mainland,38.0,95.0,2.5,16576.85,5525.62,5430.62,OBSOLETE_RISK,OBSOLETE_RISK,STOCKOUT,STOCKOUT_RISK,REGIONAL_IMBALANCE
SKU-00224,Filters,Interior,Vancouver Island,70.0,175.0,2.5,30536.31,10178.77,10003.77,OBSOLETE_RISK,OBSOLETE_RISK,UNDERSTOCKED,OBSOLETE_RISK,REGIONAL_IMBALANCE
SKU-00225,Electrical,Interior,Northern BC,37.0,92.5,2.5,13620.81,4540.27,4447.77,SLOW_MOVING,HEALTHY,STOCKOUT_RISK,STOCKOUT_RISK,REGIONAL_IMBALANCE
SKU-00225,Electrical,Interior,Vancouver Island,24.0,60.0,2.5,8835.12,2945.04,2885.04,SLOW_MOVING,HEALTHY,STOCKOUT,STOCKOUT_RISK,REGIONAL_IMBALANCE
SKU-00226,Fluids,Northern BC,Interior,19.0,47.5,2.5,2735.74,911.91,864.41,SLOW_MOVING,HEALTHY,STOCKOUT_RISK,STOCKOUT_RISK,REGIONAL_IMBALANCE
SKU-00226,Fluids,Northern BC,Lower Mainland,97.0,242.5,2.5,13966.69,4655.56,4413.06,SLOW_MOVING,UNDERSTOCKED,STOCKOUT_RISK,STOCKOUT_RISK,REGIONAL_IMBALANCE
SKU-00228,Brakes,Interior,Lower Mainland,60.0,150.0,2.5,19481.49,6493.83,6343.83,OBSOLETE_RISK,OBSOLETE_RISK,STOCKOUT_RISK,STOCKOUT_RISK,REGIONAL_IMBALANCE
SKU-00228,Brakes,Interior,Northern BC,24.0,60.0,2.5,7792.6,2597.53,2537.53,OBSOLETE_RISK,OBSOLETE_RISK,STOCKOUT_RISK,STOCKOUT_RISK,REGIONAL_IMBALANCE
SKU-00228,Brakes,Vancouver Island,Lower Mainland,60.0,150.0,2.5,19481.49,6493.83,6343.83,OBSOLETE_RISK,OBSOLETE_RISK,STOCKOUT_RISK,STOCKOUT_RISK,REGIONAL_IMBALANCE
SKU-00228,Brakes,Vancouver Island,Northern BC,24.0,60.0,2.5,7792.6,2597.53,2537.53,OBSOLETE_RISK,OBSOLETE_RISK,STOCKOUT_RISK,STOCKOUT_RISK,REGIONAL_IMBALANCE
SKU-00232,Batteries,Northern BC,Interior,26.0,65.0,2.5,4615.88,1538.63,1473.63,SLOW_MOVING,HEALTHY,STOCKOUT_RISK,STOCKOUT_RISK,REGIONAL_IMBALANCE
SKU-00232,Batteries,Northern BC,Lower Mainland,85.0,212.5,2.5,15090.39,5030.13,4817.63,SLOW_MOVING,HEALTHY,STOCKOUT_RISK,STOCKOUT_RISK,REGIONAL_IMBALANCE
SKU-00233,Batteries,Northern BC,Interior,43.0,107.5,2.5,6323.26,2107.75,2000.25,SLOW_MOVING,HEALTHY,STOCKOUT_RISK,STOCKOUT_RISK,REGIONAL_IMBALANCE
SKU-00236,Brakes,Northern BC,Interior,163.0,407.5,2.5,27296.71,9098.9,8691.4,SLOW_MOVING,UNDERSTOCKED,STOCKOUT_RISK,STOCKOUT_RISK,REGIONAL_IMBALANCE
SKU-00239,Fluids,Northern BC,Lower Mainland,65.0,162.5,2.5,31820.88,10606.96,10444.46,SLOW_MOVING,HEALTHY,STOCKOUT,STOCKOUT_RISK,REGIONAL_IMBALANCE
SKU-00246,Suspension,Lower Mainland,Interior,9.0,22.5,2.5,2371.95,790.65,768.15,OBSOLETE_RISK,OBSOLETE_RISK,STOCKOUT_RISK,STOCKOUT_RISK,REGIONAL_IMBALANCE
SKU-00246,Suspension,Northern BC,Interior,9.0,22.5,2.5,2371.95,790.65,768.15,OBSOLETE_RISK,OBSOLETE_RISK,STOCKOUT_RISK,STOCKOUT_RISK,REGIONAL_IMBALANCE
SKU-00246,Suspension,Vancouver Island,Interior,9.0,22.5,2.5,2371.95,790.65,768.15,OBSOLETE_RISK,OBSOLETE_RISK,STOCKOUT_RISK,STOCKOUT_RISK,REGIONAL_IMBALANCE
SKU-00249,Brakes,Interior,Lower Mainland,39.0,97.5,2.5,7326.77,2442.26,2344.76,SLOW_MOVING,HEALTHY,UNDERSTOCKED,HEALTHY,REGIONAL_IMBALANCE
SKU-00249,Brakes,Northern BC,Lower Mainland,39.0,97.5,2.5,7326.77,2442.26,2344.76,SLOW_MOVING,HEALTHY,UNDERSTOCKED,HEALTHY,REGIONAL_IMBALANCE
SKU-00258,Engine Components,Interior,Lower Mainland,57.0,142.5,2.5,22257.62,7419.21,7276.71,OBSOLETE_RISK,OBSOLETE_RISK,STOCKOUT,STOCKOUT_RISK,REGIONAL_IMBALANCE
SKU-00258,Engine Components,Northern BC,Lower Mainland,86.0,215.0,2.5,33581.67,11193.89,10978.89,OBSOLETE_RISK,OBSOLETE_RISK,STOCKOUT,STOCKOUT_RISK,REGIONAL_IMBALANCE
SKU-00263,Tools,Lower Mainland,Interior,18.0,45.0,2.5,2892.64,964.21,919.21,SLOW_MOVING,SLOW_MOVING,STOCKOUT_RISK,STOCKOUT_RISK,REGIONAL_IMBALANCE
SKU-00263,Tools,Northern BC,Interior,18.0,45.0,2.5,2892.64,964.21,919.21,SLOW_MOVING,SLOW_MOVING,STOCKOUT_RISK,STOCKOUT_RISK,REGIONAL_IMBALANCE
SKU-00263,Tools,Vancouver Island,Interior,18.0,45.0,2.5,2892.64,964.21,919.21,SLOW_MOVING,SLOW_MOVING,STOCKOUT_RISK,STOCKOUT_RISK,REGIONAL_IMBALANCE
SKU-00275,Fluids,Northern BC,Interior,3.0,7.5,2.5,974.89,324.96,317.46,OBSOLETE_RISK,OBSOLETE_RISK,STOCKOUT_RISK,STOCKOUT_RISK,REGIONAL_IMBALANCE
SKU-00276,Suspension,Lower Mainland,Interior,24.0,60.0,2.5,7286.83,2428.94,2368.94,OBSOLETE_RISK,OBSOLETE_RISK,STOCKOUT,STOCKOUT_RISK,REGIONAL_IMBALANCE
SKU-00276,Suspension,Northern BC,Interior,48.0,120.0,2.5,14573.66,4857.89,4737.89,OBSOLETE_RISK,OBSOLETE_RISK,STOCKOUT,STOCKOUT_RISK,REGIONAL_IMBALANCE
SKU-00276,Suspension,Vancouver Island,Interior,72.0,180.0,2.5,21860.5,7286.83,7106.83,OBSOLETE_RISK,OBSOLETE_RISK,STOCKOUT,STOCKOUT_RISK,REGIONAL_IMBALANCE
SKU-00282,Brakes,Interior,Lower Mainland,48.0,120.0,2.5,5894.78,1964.93,1844.93,OBSOLETE_RISK,UNDERSTOCKED,STOCKOUT_RISK,STOCKOUT_RISK,REGIONAL_IMBALANCE
SKU-00282,Brakes,Northern BC,Lower Mainland,24.0,60.0,2.5,2947.39,982.46,922.46,OBSOLETE_RISK,OBSOLETE_RISK,STOCKOUT_RISK,STOCKOUT_RISK,REGIONAL_IMBALANCE
SKU-00282,Brakes,Vancouver Island,Lower Mainland,51.0,127.5,2.5,6263.21,2087.74,1960.24,OBSOLETE_RISK,OBSOLETE_RISK,STOCKOUT_RISK,STOCKOUT_RISK,REGIONAL_IMBALANCE
SKU-00292,Suspension,Northern BC,Interior,42.0,105.0,2.5,7773.51,2591.17,2486.17,SLOW_MOVING,SLOW_MOVING,STOCKOUT_RISK,STOCKOUT_RISK,REGIONAL_IMBALANCE
SKU-00292,Suspension,Northern BC,Lower Mainland,42.0,105.0,2.5,7773.51,2591.17,2486.17,SLOW_MOVING,SLOW_MOVING,STOCKOUT_RISK,STOCKOUT_RISK,REGIONAL_IMBALANCE
SKU-00292,Suspension,Vancouver Island,Interior,42.0,105.0,2.5,7773.51,2591.17,2486.17,OBSOLETE_RISK,OBSOLETE_RISK,STOCKOUT_RISK,STOCKOUT_RISK,REGIONAL_IMBALANCE
SKU-00292,Suspension,Vancouver Island,Lower Mainland,42.0,105.0,2.5,7773.51,2591.17,2486.17,OBSOLETE_RISK,OBSOLETE_RISK,STOCKOUT_RISK,STOCKOUT_RISK,REGIONAL_IMBALANCE
SKU-00294,Brakes,Northern BC,Interior,103.0,257.5,2.5,23314.98,7771.66,7514.16,OBSOLETE_RISK,UNDERSTOCKED,STOCKOUT_RISK,STOCKOUT_RISK,REGIONAL_IMBALANCE
SKU-00294,Brakes,Vancouver Island,Interior,112.0,280.0,2.5,25352.21,8450.74,8170.74,OBSOLETE_RISK,OBSOLETE_RISK,STOCKOUT_RISK,STOCKOUT_RISK,REGIONAL_IMBALANCE
SKU-00294,Brakes,Vancouver Island,Lower Mainland,62.0,155.0,2.5,14034.26,4678.09,4523.09,OBSOLETE_RISK,OBSOLETE_RISK,STOCKOUT_RISK,STOCKOUT_RISK,REGIONAL_IMBALANCE
SKU-00295,Electrical,Lower Mainland,Northern BC,11.0,27.5,2.5,4030.14,1343.38,1315.88,OBSOLETE_RISK,UNDERSTOCKED,STOCKOUT,STOCKOUT_RISK,REGIONAL_IMBALANCE
SKU-00295,Electrical,Vancouver Island,Northern BC,45.0,112.5,2.5,16486.94,5495.65,5383.15,OBSOLETE_RISK,OBSOLETE_RISK,STOCKOUT,STOCKOUT_RISK,REGIONAL_IMBALANCE
SKU-00302,Batteries,Northern BC,Lower Mainland,36.0,90.0,2.5,3211.87,1070.62,980.62,OBSOLETE_RISK,OBSOLETE_RISK,STOCKOUT_RISK,STOCKOUT_RISK,REGIONAL_IMBALANCE
SKU-00302,Batteries,Northern BC,Vancouver Island,72.0,180.0,2.5,6423.73,2141.24,1961.24,OBSOLETE_RISK,OBSOLETE_RISK,STOCKOUT_RISK,STOCKOUT_RISK,REGIONAL_IMBALANCE
SKU-00303,Engine Components,Northern BC,Interior,66.0,165.0,2.5,36478.13,12159.38,11994.38,SLOW_MOVING,UNDERSTOCKED,STOCKOUT_RISK,STOCKOUT_RISK,REGIONAL_IMBALANCE
SKU-00303,Engine Components,Northern BC,Lower Mainland,24.0,60.0,2.5,13264.78,4421.59,4361.59,SLOW_MOVING,HEALTHY,STOCKOUT_RISK,STOCKOUT_RISK,REGIONAL_IMBALANCE
SKU-00303,Engine Components,Northern BC,Vancouver Island,12.0,30.0,2.5,6632.39,2210.8,2180.8,SLOW_MOVING,HEALTHY,UNDERSTOCKED,HEALTHY,REGIONAL_IMBALANCE
SKU-00309,Suspension,Interior,Lower Mainland,68.0,170.0,2.5,16294.19,5431.4,5261.4,SLOW_MOVING,HEALTHY,STOCKOUT_RISK,STOCKOUT_RISK,REGIONAL_IMBALANCE
SKU-00309,Suspension,Vancouver Island,Lower Mainland,68.0,170.0,2.5,16294.19,5431.4,5261.4,SLOW_MOVING,HEALTHY,STOCKOUT_RISK,STOCKOUT_RISK,REGIONAL_IMBALANCE
SKU-00317,Engine Components,Northern BC,Interior,73.0,182.5,2.5,50289.3,16763.1,16580.6,SLOW_MOVING,SLOW_MOVING,STOCKOUT_RISK,STOCKOUT_RISK,REGIONAL_IMBALANCE
SKU-00317,Engine Components,Northern BC,Lower Mainland,50.0,125.0,2.5,34444.72,11481.57,11356.57,SLOW_MOVING,SLOW_MOVING,STOCKOUT_RISK,STOCKOUT_RISK,REGIONAL_IMBALANCE
SKU-00317,Engine Components,Vancouver Island,Interior,64.0,160.0,2.5,44089.25,14696.42,14536.42,SLOW_MOVING,UNDERSTOCKED,STOCKOUT_RISK,STOCKOUT_RISK,REGIONAL_IMBALANCE
SKU-00318,Electrical,Northern BC,Interior,60.0,150.0,2.5,11397.33,3799.11,3649.11,OBSOLETE_RISK,UNDERSTOCKED,STOCKOUT_RISK,STOCKOUT_RISK,REGIONAL_IMBALANCE
SKU-00318,Electrical,Northern BC,Lower Mainland,36.0,90.0,2.5,6838.4,2279.47,2189.47,OBSOLETE_RISK,UNDERSTOCKED,STOCKOUT_RISK,STOCKOUT_RISK,REGIONAL_IMBALANCE
SKU-00319,Electrical,Northern BC,Interior,78.0,195.0,2.5,24324.3,8108.1,7913.1,OBSOLETE_RISK,OBSOLETE_RISK,STOCKOUT_RISK,STOCKOUT_RISK,REGIONAL_IMBALANCE
SKU-00319,Electrical,Northern BC,Lower Mainland,64.0,160.0,2.5,19958.4,6652.8,6492.8,OBSOLETE_RISK,OBSOLETE_RISK,STOCKOUT_RISK,STOCKOUT_RISK,REGIONAL_IMBALANCE
SKU-00319,Electrical,Northern BC,Vancouver Island,11.0,27.5,2.5,3430.35,1143.45,1115.95,OBSOLETE_RISK,OBSOLETE_RISK,STOCKOUT_RISK,STOCKOUT_RISK,REGIONAL_IMBALANCE
SKU-00321,Suspension,Interior,Lower Mainland,96.0,240.0,2.5,43097.04,14365.68,14125.68,OBSOLETE_RISK,OBSOLETE_RISK,STOCKOUT,STOCKOUT_RISK,REGIONAL_IMBALANCE
SKU-00321,Suspension,Northern BC,Lower Mainland,42.0,105.0,2.5,18854.95,6284.99,6179.99,OBSOLETE_RISK,OBSOLETE_RISK,STOCKOUT,STOCKOUT_RISK,REGIONAL_IMBALANCE
SKU-00321,Suspension,Vancouver Island,Lower Mainland,96.0,240.0,2.5,43097.04,14365.68,14125.68,OBSOLETE_RISK,OBSOLETE_RISK,STOCKOUT,STOCKOUT_RISK,REGIONAL_IMBALANCE
SKU-00336,Brakes,Vancouver Island,Lower Mainland,72.0,180.0,2.5,32207.87,10735.96,10555.96,SLOW_MOVING,HEALTHY,STOCKOUT_RISK,STOCKOUT_RISK,REGIONAL_IMBALANCE
SKU-00341,Filters,Interior,Lower Mainland,3.0,7.5,2.5,790.3,263.43,255.93,OBSOLETE_RISK,OBSOLETE_RISK,STOCKOUT_RISK,STOCKOUT_RISK,REGIONAL_IMBALANCE
SKU-00341,Filters,Northern BC,Lower Mainland,74.0,185.0,2.5,19494.15,6498.05,6313.05,OBSOLETE_RISK,OBSOLETE_RISK,STOCKOUT_RISK,STOCKOUT_RISK,REGIONAL_IMBALANCE
SKU-00341,Filters,Vancouver Island,Lower Mainland,74.0,185.0,2.5,19494.15,6498.05,6313.05,OBSOLETE_RISK,OBSOLETE_RISK,STOCKOUT_RISK,STOCKOUT_RISK,REGIONAL_IMBALANCE
SKU-00342,Engine Components,Northern BC,Interior,48.0,120.0,2.5,34704.43,11568.14,11448.14,OBSOLETE_RISK,UNDERSTOCKED,STOCKOUT_RISK,STOCKOUT_RISK,REGIONAL_IMBALANCE
SKU-00342,Engine Components,Northern BC,Lower Mainland,24.0,60.0,2.5,17352.22,5784.07,5724.07,OBSOLETE_RISK,OBSOLETE_RISK,STOCKOUT_RISK,STOCKOUT_RISK,REGIONAL_IMBALANCE
SKU-00342,Engine Components,Vancouver Island,Interior,36.0,90.0,2.5,26028.32,8676.11,8586.11,OBSOLETE_RISK,OBSOLETE_RISK,STOCKOUT_RISK,STOCKOUT_RISK,REGIONAL_IMBALANCE
SKU-00345,Suspension,Interior,Lower Mainland,9.0,22.5,2.5,4700.71,1566.9,1544.4,SLOW_MOVING,SLOW_MOVING,STOCKOUT_RISK,STOCKOUT_RISK,REGIONAL_IMBALANCE
SKU-00345,Suspension,Northern BC,Lower Mainland,9.0,22.5,2.5,4700.71,1566.9,1544.4,SLOW_MOVING,SLOW_MOVING,STOCKOUT_RISK,STOCKOUT_RISK,REGIONAL_IMBALANCE
SKU-00345,Suspension,Vancouver Island,Lower Mainland,9.0,22.5,2.5,4700.71,1566.9,1544.4,SLOW_MOVING,SLOW_MOVING,STOCKOUT_RISK,STOCKOUT_RISK,REGIONAL_IMBALANCE
SKU-00347,Tools,Interior,Lower Mainland,79.0,197.5,2.5,7893.52,2631.17,2433.67,OBSOLETE_RISK,OBSOLETE_RISK,STOCKOUT_RISK,STOCKOUT_RISK,REGIONAL_IMBALANCE
SKU-00347,Tools,Northern BC,Lower Mainland,79.0,197.5,2.5,7893.52,2631.17,2433.67,OBSOLETE_RISK,OBSOLETE_RISK,STOCKOUT_RISK,STOCKOUT_RISK,REGIONAL_IMBALANCE
SKU-00347,Tools,Vancouver Island,Lower Mainland,79.0,197.5,2.5,7893.52,2631.17,2433.67,OBSOLETE_RISK,OBSOLETE_RISK,STOCKOUT_RISK,STOCKOUT_RISK,REGIONAL_IMBALANCE
SKU-00350,Fluids,Northern BC,Interior,48.0,120.0,2.5,5086.87,1695.62,1575.62,OBSOLETE_RISK,OBSOLETE_RISK,STOCKOUT_RISK,STOCKOUT_RISK,REGIONAL_IMBALANCE
SKU-00350,Fluids,Vancouver Island,Interior,48.0,120.0,2.5,5086.87,1695.62,1575.62,OBSOLETE_RISK,UNDERSTOCKED,STOCKOUT_RISK,STOCKOUT_RISK,REGIONAL_IMBALANCE
SKU-00354,Filters,Interior,Vancouver Island,12.0,30.0,2.5,2541.17,847.06,817.06,OBSOLETE_RISK,OBSOLETE_RISK,STOCKOUT_RISK,STOCKOUT_RISK,REGIONAL_IMBALANCE
SKU-00354,Filters,Lower Mainland,Vancouver Island,12.0,30.0,2.5,2541.17,847.06,817.06,OBSOLETE_RISK,OBSOLETE_RISK,STOCKOUT_RISK,STOCKOUT_RISK,REGIONAL_IMBALANCE
SKU-00354,Filters,Northern BC,Vancouver Island,12.0,30.0,2.5,2541.17,847.06,817.06,OBSOLETE_RISK,OBSOLETE_RISK,STOCKOUT_RISK,STOCKOUT_RISK,REGIONAL_IMBALANCE
SKU-00366,Tools,Interior,Lower Mainland,52.0,130.0,2.5,10081.34,3360.45,3230.45,SLOW_MOVING,HEALTHY,STOCKOUT,STOCKOUT_RISK,REGIONAL_IMBALANCE
SKU-00366,Tools,Northern BC,Lower Mainland,52.0,130.0,2.5,10081.34,3360.45,3230.45,SLOW_MOVING,HEALTHY,STOCKOUT,STOCKOUT_RISK,REGIONAL_IMBALANCE
SKU-00366,Tools,Vancouver Island,Lower Mainland,52.0,130.0,2.5,10081.34,3360.45,3230.45,SLOW_MOVING,HEALTHY,STOCKOUT,STOCKOUT_RISK,REGIONAL_IMBALANCE
SKU-00368,Brakes,Northern BC,Interior,48.0,120.0,2.5,2018.52,672.84,552.84,SLOW_MOVING,HEALTHY,STOCKOUT,STOCKOUT_RISK,REGIONAL_IMBALANCE
SKU-00372,Tools,Interior,Lower Mainland,14.0,35.0,2.5,1569.96,523.32,488.32,SLOW_MOVING,SLOW_MOVING,STOCKOUT_RISK,STOCKOUT_RISK,REGIONAL_IMBALANCE
SKU-00372,Tools,Northern BC,Lower Mainland,14.0,35.0,2.5,1569.96,523.32,488.32,SLOW_MOVING,SLOW_MOVING,STOCKOUT_RISK,STOCKOUT_RISK,REGIONAL_IMBALANCE
SKU-00372,Tools,Vancouver Island,Lower Mainland,14.0,35.0,2.5,1569.96,523.32,488.32,SLOW_MOVING,SLOW_MOVING,STOCKOUT_RISK,STOCKOUT_RISK,REGIONAL_IMBALANCE
SKU-00374,Fluids,Northern BC,Interior,8.0,20.0,2.5,1184.15,394.72,374.72,SLOW_MOVING,HEALTHY,STOCKOUT_RISK,STOCKOUT_RISK,REGIONAL_IMBALANCE
SKU-00374,Fluids,Northern BC,Lower Mainland,23.0,57.5,2.5,3404.43,1134.81,1077.31,SLOW_MOVING,UNDERSTOCKED,UNDERSTOCKED,UNDERSTOCKED,REGIONAL_IMBALANCE
SKU-00375,Brakes,Interior,Lower Mainland,10.0,25.0,2.5,2667.74,889.25,864.25,SLOW_MOVING,SLOW_MOVING,STOCKOUT_RISK,STOCKOUT_RISK,REGIONAL_IMBALANCE
SKU-00375,Brakes,Northern BC,Lower Mainland,10.0,25.0,2.5,2667.74,889.25,864.25,SLOW_MOVING,HEALTHY,STOCKOUT_RISK,STOCKOUT_RISK,REGIONAL_IMBALANCE
SKU-00375,Brakes,Vancouver Island,Lower Mainland,10.0,25.0,2.5,2667.74,889.25,864.25,SLOW_MOVING,SLOW_MOVING,STOCKOUT_RISK,STOCKOUT_RISK,REGIONAL_IMBALANCE
SKU-00384,Fluids,Northern BC,Interior,48.0,120.0,2.5,17090.14,5696.71,5576.71,OBSOLETE_RISK,OBSOLETE_RISK,STOCKOUT_RISK,STOCKOUT_RISK,REGIONAL_IMBALANCE
SKU-00391,Engine Components,Northern BC,Interior,96.0,240.0,2.5,10844.06,3614.69,3374.69,OBSOLETE_RISK,OBSOLETE_RISK,STOCKOUT_RISK,STOCKOUT_RISK,REGIONAL_IMBALANCE
SKU-00391,Engine Components,Northern BC,Lower Mainland,48.0,120.0,2.5,5422.03,1807.34,1687.34,OBSOLETE_RISK,OBSOLETE_RISK,STOCKOUT_RISK,STOCKOUT_RISK,REGIONAL_IMBALANCE
SKU-00391,Engine Components,Vancouver Island,Interior,48.0,120.0,2.5,5422.03,1807.34,1687.34,OBSOLETE_RISK,OBSOLETE_RISK,STOCKOUT_RISK,STOCKOUT_RISK,REGIONAL_IMBALANCE
SKU-00395,Electrical,Interior,Lower Mainland,13.0,32.5,2.5,5672.53,1890.84,1858.34,OBSOLETE_RISK,OBSOLETE_RISK,STOCKOUT_RISK,STOCKOUT_RISK,REGIONAL_IMBALANCE
SKU-00395,Electrical,Northern BC,Lower Mainland,13.0,32.5,2.5,5672.53,1890.84,1858.34,OBSOLETE_RISK,OBSOLETE_RISK,STOCKOUT_RISK,STOCKOUT_RISK,REGIONAL_IMBALANCE
SKU-00395,Electrical,Vancouver Island,Lower Mainland,13.0,32.5,2.5,5672.53,1890.84,1858.34,OBSOLETE_RISK,OBSOLETE_RISK,STOCKOUT_RISK,STOCKOUT_RISK,REGIONAL_IMBALANCE
SKU-00398,Electrical,Lower Mainland,Interior,30.0,75.0,2.5,13084.16,4361.39,4286.39,OBSOLETE_RISK,OBSOLETE_RISK,STOCKOUT_RISK,STOCKOUT_RISK,REGIONAL_IMBALANCE
SKU-00398,Electrical,Lower Mainland,Vancouver Island,24.0,60.0,2.5,10467.32,3489.11,3429.11,OBSOLETE_RISK,OBSOLETE_RISK,STOCKOUT_RISK,STOCKOUT_RISK,REGIONAL_IMBALANCE
SKU-00398,Electrical,Northern BC,Interior,30.0,75.0,2.5,13084.16,4361.39,4286.39,OBSOLETE_RISK,OBSOLETE_RISK,STOCKOUT_RISK,STOCKOUT_RISK,REGIONAL_IMBALANCE
SKU-00398,Electrical,Northern BC,Vancouver Island,24.0,60.0,2.5,10467.32,3489.11,3429.11,OBSOLETE_RISK,OBSOLETE_RISK,STOCKOUT_RISK,STOCKOUT_RISK,REGIONAL_IMBALANCE
SKU-00407,Engine Components,Interior,Lower Mainland,47.0,117.5,2.5,10798.77,3599.59,3482.09,SLOW_MOVING,HEALTHY,STOCKOUT_RISK,STOCKOUT_RISK,REGIONAL_IMBALANCE
SKU-00407,Engine Components,Vancouver Island,Lower Mainland,47.0,117.5,2.5,10798.77,3599.59,3482.09,SLOW_MOVING,HEALTHY,STOCKOUT_RISK,STOCKOUT_RISK,REGIONAL_IMBALANCE
SKU-00408,Brakes,Northern BC,Interior,36.0,90.0,2.5,6309.58,2103.19,2013.19,SLOW_MOVING,SLOW_MOVING,STOCKOUT_RISK,STOCKOUT_RISK,REGIONAL_IMBALANCE
SKU-00408,Brakes,Northern BC,Lower Mainland,42.0,105.0,2.5,7361.17,2453.72,2348.72,SLOW_MOVING,SLOW_MOVING,STOCKOUT_RISK,STOCKOUT_RISK,REGIONAL_IMBALANCE
SKU-00412,Engine Components,Northern BC,Interior,57.0,142.5,2.5,10258.29,3419.43,3276.93,SLOW_MOVING,HEALTHY,STOCKOUT,STOCKOUT_RISK,REGIONAL_IMBALANCE
SKU-00413,Tools,Interior,Lower Mainland,45.0,112.5,2.5,5076.54,1692.18,1579.68,SLOW_MOVING,HEALTHY,STOCKOUT_RISK,STOCKOUT_RISK,REGIONAL_IMBALANCE
SKU-00413,Tools,Northern BC,Lower Mainland,45.0,112.5,2.5,5076.54,1692.18,1579.68,SLOW_MOVING,SLOW_MOVING,STOCKOUT_RISK,STOCKOUT_RISK,REGIONAL_IMBALANCE
SKU-00415,Brakes,Northern BC,Interior,59.0,147.5,2.5,13469.79,4489.93,4342.43,OBSOLETE_RISK,OBSOLETE_RISK,STOCKOUT_RISK,STOCKOUT_RISK,REGIONAL_IMBALANCE
SKU-00415,Brakes,Northern BC,Lower Mainland,88.0,220.0,2.5,20090.53,6696.84,6476.84,OBSOLETE_RISK,OBSOLETE_RISK,STOCKOUT_RISK,STOCKOUT_RISK,REGIONAL_IMBALANCE
SKU-00415,Brakes,Vancouver Island,Interior,59.0,147.5,2.5,13469.79,4489.93,4342.43,OBSOLETE_RISK,OBSOLETE_RISK,STOCKOUT_RISK,STOCKOUT_RISK,REGIONAL_IMBALANCE
SKU-00415,Brakes,Vancouver Island,Lower Mainland,47.0,117.5,2.5,10730.17,3576.72,3459.22,OBSOLETE_RISK,OBSOLETE_RISK,STOCKOUT_RISK,STOCKOUT_RISK,REGIONAL_IMBALANCE
SKU-00418,Fluids,Vancouver Island,Interior,132.0,330.0,2.5,13229.37,4409.79,4079.79,SLOW_MOVING,HEALTHY,STOCKOUT_RISK,STOCKOUT_RISK,REGIONAL_IMBALANCE
SKU-00418,Fluids,Vancouver Island,Lower Mainland,72.0,180.0,2.5,7216.02,2405.34,2225.34,SLOW_MOVING,SLOW_MOVING,STOCKOUT,STOCKOUT_RISK,REGIONAL_IMBALANCE
SKU-00419,Tools,Northern BC,Interior,48.0,120.0,2.5,2623.82,874.61,754.61,SLOW_MOVING,UNDERSTOCKED,STOCKOUT_RISK,STOCKOUT_RISK,REGIONAL_IMBALANCE
SKU-00419,Tools,Vancouver Island,Interior,64.0,160.0,2.5,3498.43,1166.14,1006.14,SLOW_MOVING,HEALTHY,STOCKOUT_RISK,STOCKOUT_RISK,REGIONAL_IMBALANCE
SKU-00419,Tools,Vancouver Island,Lower Mainland,29.0,72.5,2.5,1585.23,528.41,455.91,SLOW_MOVING,HEALTHY,STOCKOUT_RISK,STOCKOUT_RISK,REGIONAL_IMBALANCE
SKU-00422,Brakes,Vancouver Island,Interior,54.0,135.0,2.5,11918.34,3972.78,3837.78,OBSOLETE_RISK,UNDERSTOCKED,STOCKOUT_RISK,STOCKOUT_RISK,REGIONAL_IMBALANCE
SKU-00427,Batteries,Northern BC,Interior,72.0,180.0,2.5,9464.36,3154.79,2974.79,OBSOLETE_RISK,UNDERSTOCKED,STOCKOUT,STOCKOUT_RISK,REGIONAL_IMBALANCE
SKU-00428,Batteries,Interior,Lower Mainland,51.0,127.5,2.5,23573.78,7857.93,7730.43,OBSOLETE_RISK,OBSOLETE_RISK,STOCKOUT_RISK,STOCKOUT_RISK,REGIONAL_IMBALANCE
SKU-00428,Batteries,Northern BC,Lower Mainland,51.0,127.5,2.5,23573.78,7857.93,7730.43,SLOW_MOVING,HEALTHY,STOCKOUT_RISK,STOCKOUT_RISK,REGIONAL_IMBALANCE
SKU-00428,Batteries,Vancouver Island,Lower Mainland,51.0,127.5,2.5,23573.78,7857.93,7730.43,SLOW_MOVING,SLOW_MOVING,STOCKOUT_RISK,STOCKOUT_RISK,REGIONAL_IMBALANCE
SKU-00443,Tools,Northern BC,Interior,29.0,72.5,2.5,3722.21,1240.74,1168.24,SLOW_MOVING,SLOW_MOVING,STOCKOUT_RISK,STOCKOUT_RISK,REGIONAL_IMBALANCE
SKU-00443,Tools,Vancouver Island,Interior,29.0,72.5,2.5,3722.21,1240.74,1168.24,SLOW_MOVING,HEALTHY,STOCKOUT_RISK,STOCKOUT_RISK,REGIONAL_IMBALANCE
SKU-00445,Fluids,Northern BC,Vancouver Island,34.0,85.0,2.5,15700.86,5233.62,5148.62,SLOW_MOVING,SLOW_MOVING,STOCKOUT_RISK,STOCKOUT_RISK,REGIONAL_IMBALANCE
SKU-00456,Electrical,Northern BC,Interior,96.0,240.0,2.5,21698.21,7232.74,6992.74,OBSOLETE_RISK,OBSOLETE_RISK,STOCKOUT_RISK,STOCKOUT_RISK,REGIONAL_IMBALANCE
SKU-00457,Engine Components,Interior,Lower Mainland,40.0,100.0,2.5,7340.34,2446.78,2346.78,OBSOLETE_RISK,OBSOLETE_RISK,STOCKOUT,STOCKOUT_RISK,REGIONAL_IMBALANCE
SKU-00457,Engine Components,Northern BC,Lower Mainland,104.0,260.0,2.5,19084.88,6361.63,6101.63,OBSOLETE_RISK,OBSOLETE_RISK,STOCKOUT,STOCKOUT_RISK,REGIONAL_IMBALANCE
SKU-00462,Brakes,Interior,Vancouver Island,30.0,75.0,2.5,9766.58,3255.53,3180.53,OBSOLETE_RISK,OBSOLETE_RISK,STOCKOUT_RISK,STOCKOUT_RISK,REGIONAL_IMBALANCE
SKU-00462,Brakes,Lower Mainland,Vancouver Island,30.0,75.0,2.5,9766.58,3255.53,3180.53,OBSOLETE_RISK,OBSOLETE_RISK,STOCKOUT_RISK,STOCKOUT_RISK,REGIONAL_IMBALANCE
SKU-00462,Brakes,Northern BC,Vancouver Island,30.0,75.0,2.5,9766.58,3255.53,3180.53,OBSOLETE_RISK,OBSOLETE_RISK,STOCKOUT_RISK,STOCKOUT_RISK,REGIONAL_IMBALANCE
SKU-00471,Filters,Northern BC,Interior,96.0,240.0,2.5,35534.02,11844.67,11604.67,OBSOLETE_RISK,OBSOLETE_RISK,STOCKOUT_RISK,STOCKOUT_RISK,REGIONAL_IMBALANCE
SKU-00471,Filters,Northern BC,Lower Mainland,24.0,60.0,2.5,8883.5,2961.17,2901.17,OBSOLETE_RISK,OBSOLETE_RISK,STOCKOUT_RISK,STOCKOUT_RISK,REGIONAL_IMBALANCE
SKU-00471,Filters,Vancouver Island,Interior,96.0,240.0,2.5,35534.02,11844.67,11604.67,OBSOLETE_RISK,OBSOLETE_RISK,STOCKOUT_RISK,STOCKOUT_RISK,REGIONAL_IMBALANCE
SKU-00471,Filters,Vancouver Island,Lower Mainland,24.0,60.0,2.5,8883.5,2961.17,2901.17,OBSOLETE_RISK,OBSOLETE_RISK,STOCKOUT_RISK,STOCKOUT_RISK,REGIONAL_IMBALANCE
SKU-00477,Brakes,Interior,Lower Mainland,48.0,120.0,2.5,7619.47,2539.82,2419.82,OBSOLETE_RISK,OBSOLETE_RISK,STOCKOUT,STOCKOUT_RISK,REGIONAL_IMBALANCE
SKU-00477,Brakes,Northern BC,Lower Mainland,48.0,120.0,2.5,7619.47,2539.82,2419.82,OBSOLETE_RISK,OBSOLETE_RISK,STOCKOUT,STOCKOUT_RISK,REGIONAL_IMBALANCE
SKU-00477,Brakes,Vancouver Island,Lower Mainland,48.0,120.0,2.5,7619.47,2539.82,2419.82,OBSOLETE_RISK,OBSOLETE_RISK,STOCKOUT,STOCKOUT_RISK,REGIONAL_IMBALANCE
SKU-00480,Tools,Interior,Lower Mainland,9.0,22.5,2.5,1932.24,644.08,621.58,SLOW_MOVING,SLOW_MOVING,STOCKOUT_RISK,STOCKOUT_RISK,REGIONAL_IMBALANCE
SKU-00480,Tools,Northern BC,Lower Mainland,9.0,22.5,2.5,1932.24,644.08,621.58,SLOW_MOVING,SLOW_MOVING,STOCKOUT_RISK,STOCKOUT_RISK,REGIONAL_IMBALANCE
SKU-00480,Tools,Vancouver Island,Lower Mainland,9.0,22.5,2.5,1932.24,644.08,621.58,SLOW_MOVING,SLOW_MOVING,STOCKOUT_RISK,STOCKOUT_RISK,REGIONAL_IMBALANCE
SKU-00481,Electrical,Interior,Lower Mainland,42.0,105.0,2.5,17094.48,5698.16,5593.16,OBSOLETE_RISK,OBSOLETE_RISK,STOCKOUT_RISK,STOCKOUT_RISK,REGIONAL_IMBALANCE
SKU-00481,Electrical,Northern BC,Lower Mainland,57.0,142.5,2.5,23199.66,7733.22,7590.72,OBSOLETE_RISK,OBSOLETE_RISK,STOCKOUT_RISK,STOCKOUT_RISK,REGIONAL_IMBALANCE
SKU-00481,Electrical,Vancouver Island,Lower Mainland,113.0,282.5,2.5,45992.3,15330.77,15048.27,OBSOLETE_RISK,OBSOLETE_RISK,STOCKOUT_RISK,STOCKOUT_RISK,REGIONAL_IMBALANCE
SKU-00483,Brakes,Interior,Lower Mainland,24.0,60.0,2.5,3544.63,1181.54,1121.54,SLOW_MOVING,SLOW_MOVING,STOCKOUT_RISK,STOCKOUT_RISK,REGIONAL_IMBALANCE
SKU-00483,Brakes,Northern BC,Lower Mainland,24.0,60.0,2.5,3544.63,1181.54,1121.54,SLOW_MOVING,SLOW_MOVING,STOCKOUT_RISK,STOCKOUT_RISK,REGIONAL_IMBALANCE
SKU-00483,Brakes,Vancouver Island,Lower Mainland,24.0,60.0,2.5,3544.63,1181.54,1121.54,SLOW_MOVING,HEALTHY,STOCKOUT_RISK,STOCKOUT_RISK,REGIONAL_IMBALANCE
SKU-00489,Suspension,Interior,Lower Mainland,12.0,30.0,2.5,759.15,253.05,223.05,OBSOLETE_RISK,OBSOLETE_RISK,STOCKOUT_RISK,STOCKOUT_RISK,REGIONAL_IMBALANCE
SKU-00489,Suspension,Northern BC,Lower Mainland,12.0,30.0,2.5,759.15,253.05,223.05,OBSOLETE_RISK,OBSOLETE_RISK,STOCKOUT_RISK,STOCKOUT_RISK,REGIONAL_IMBALANCE
SKU-00489,Suspension,Vancouver Island,Lower Mainland,12.0,30.0,2.5,759.15,253.05,223.05,OBSOLETE_RISK,OBSOLETE_RISK,STOCKOUT_RISK,STOCKOUT_RISK,REGIONAL_IMBALANCE
